2	北京	0
36	北京市	2
373	东城区	36
374	西城区	36
375	崇文区	36
376	宣武区	36
377	朝阳区	36
378	丰台区	36
379	石景山区	36
380	海淀区	36
381	门头沟区	36
382	房山区	36
384	顺义区	36
385	昌平区	36
386	大兴区	36
387	怀柔区	36
388	平谷区	36
389	密云县	36
390	延庆县	36
383	通州区	36
3	天津	0
37	天津市	3
392	河东区	37
393	河西区	37
395	河北区	37
396	红桥区	37
397	东丽区	37
398	西青区	37
399	津南区	37
400	北辰区	37
401	武清区	37
402	宝坻区	37
403	滨海新区	37
405	塘沽开发区	37
406	宁河县	37
407	静海县	37
408	蓟县	37
394	南开区	37
404	大港区	37
3320	和平区	37
4	河北省	0
38	石家庄市	4
409	长安区	38
410	桥东区	38
411	桥西区	38
412	新华区	38
413	井陉矿区	38
414	裕华区	38
416	正定县	38
417	栾城县	38
418	行唐县	38
419	灵寿县	38
420	高邑县	38
421	深泽县	38
422	赞皇县	38
423	无极县	38
424	平山县	38
425	元氏县	38
426	赵县	38
427	辛集市	38
428	藁城市	38
429	晋州市	38
430	新乐市	38
431	鹿泉市	38
415	井陉县	38
39	唐山市	4
432	路南区	39
433	路北区	39
434	古冶区	39
435	开平区	39
436	丰南区	39
437	丰润区	39
438	高新区	39
439	滦县	39
440	滦南县	39
441	乐亭县	39
442	迁西县	39
443	玉田县	39
444	唐海县	39
445	遵化市	39
446	迁安市	39
40	秦皇岛市	4
447	海港区	40
448	山海关区	40
449	北戴河区	40
450	青龙满族自治县	40
451	昌黎县	40
452	抚宁县	40
453	卢龙县	40
41	邯郸市	4
454	邯山区	41
455	丛台区	41
456	复兴区	41
457	峰峰矿区	41
458	邯郸县	41
459	临漳县	41
460	成安县	41
461	大名县	41
462	涉县	41
463	磁县	41
465	永年县	41
466	邱县	41
467	鸡泽县	41
468	广平县	41
469	馆陶县	41
470	魏县	41
471	曲周县	41
472	武安市	41
464	肥乡县	41
42	邢台市	4
473	桥东区	42
475	邢台县	42
476	临城县	42
477	内丘县	42
478	柏乡县	42
479	隆尧县	42
480	任县	42
481	南和县	42
482	宁晋县	42
483	巨鹿县	42
484	新河县	42
486	平乡县	42
487	威县	42
488	清河县	42
489	临西县	42
490	南宫市	42
491	沙河市	42
474	桥西区	42
485	广宗县	42
43	保定市	4
492	新市区	43
494	南市区	43
496	清苑县	43
497	涞水县	43
498	阜平县	43
499	徐水县	43
500	定兴县	43
501	唐县	43
502	高阳县	43
503	容城县	43
504	涞源县	43
505	望都县	43
507	易县	43
508	曲阳县	43
509	蠡县	43
510	顺平县	43
511	博野县	43
512	雄县	43
513	涿州市	43
514	定州市	43
515	安国市	43
495	满城县	43
506	安新县	43
516	高碑店市	43
44	张家口市	4
517	桥东区	44
518	桥西区	44
519	宣化区	44
520	下花园区	44
521	高新区	44
523	张北县	44
524	康保县	44
525	沽源县	44
526	尚义县	44
527	蔚县	44
528	阳原县	44
529	怀安县	44
530	万全县	44
531	怀来县	44
532	涿鹿县	44
533	赤城县	44
534	崇礼县	44
522	宣化县	44
45	承德市	4
535	双桥区	45
536	双滦区	45
537	鹰手营子矿区	45
538	承德县	45
539	兴隆县	45
540	平泉县	45
541	滦平县	45
543	丰宁满族自治县	45
544	宽城满族自治县	45
545	围场满族蒙古族自治县	45
542	隆化县	45
46	沧州市	4
546	新华区	46
547	运河区	46
548	沧县	46
549	青县	46
550	东光县	46
551	海兴县	46
553	肃宁县	46
554	南皮县	46
555	吴桥县	46
556	献县	46
557	孟村回族自治县	46
558	泊头市	46
559	任丘市	46
560	黄骅市	46
561	河间市	46
552	盐山县	46
47	廊坊市	4
563	广阳区	47
564	开发区	47
565	固安县	47
566	永清县	47
567	香河县	47
568	大城县	47
569	文安县	47
570	大厂回族自治县	47
571	霸州市	47
572	三河市	47
562	安次区	47
48	衡水市	4
574	枣强县	48
575	武邑县	48
576	武强县	48
577	饶阳县	48
578	安平县	48
579	故城县	48
580	景县	48
581	阜城县	48
582	冀州市	48
573	桃城区	48
583	深州市	48
5	山西省	0
49	太原市	5
586	杏花岭区	49
587	尖草坪区	49
588	万柏林区	49
589	晋源区	49
590	清徐县	49
591	阳曲县	49
592	娄烦县	49
593	古交市	49
584	小店区	49
585	迎泽区	49
50	大同市	5
594	城区	50
595	矿区	50
596	南郊区	50
597	新荣区	50
598	阳高县	50
599	天镇县	50
600	广灵县	50
601	灵丘县	50
602	浑源县	50
603	左云县	50
604	大同县	50
51	阳泉市	5
605	城区	51
606	矿区	51
607	郊区	51
608	平定县	51
609	盂县	51
52	长治市	5
610	城区	52
611	郊区	52
612	长治县	52
613	襄垣县	52
614	屯留县	52
615	平顺县	52
616	黎城县	52
617	壶关县	52
618	长子县	52
619	武乡县	52
620	沁县	52
621	沁源县	52
622	潞城市	52
53	晋城市	5
623	城区	53
624	沁水县	53
625	阳城县	53
626	陵川县	53
627	泽州县	53
628	高平市	53
3291	朔州市	53
54	晋中市	5
637	榆次区	54
638	榆社县	54
639	左权县	54
640	和顺县	54
641	昔阳县	54
642	寿阳县	54
643	太谷县	54
645	平遥县	54
646	灵石县	54
647	介休市	54
644	祁县	54
55	运城市	5
648	盐湖区	55
649	临猗县	55
650	万荣县	55
652	稷山县	55
653	新绛县	55
654	绛县	55
655	垣曲县	55
656	夏县	55
657	平陆县	55
658	芮城县	55
659	永济市	55
660	河津市	55
651	闻喜县	55
56	忻州市	5
661	忻府区	56
662	定襄县	56
663	五台县	56
664	代县	56
666	宁武县	56
667	静乐县	56
668	神池县	56
669	五寨县	56
670	岢岚县	56
671	河曲县	56
672	保德县	56
673	偏关县	56
674	原平市	56
665	繁峙县	56
57	临汾市	5
676	曲沃县	57
677	翼城县	57
678	襄汾县	57
679	洪洞县	57
680	古县	57
681	安泽县	57
682	浮山县	57
683	吉县	57
684	乡宁县	57
685	大宁县	57
686	隰县	57
687	永和县	57
688	蒲县	57
689	汾西县	57
690	侯马市	57
691	霍州市	57
675	尧都区	57
58	吕梁市	5
692	离石区	58
693	文水县	58
694	交城县	58
696	临县	58
697	柳林县	58
698	石楼县	58
699	岚县	58
700	方山县	58
701	中阳县	58
702	交口县	58
703	孝义市	58
704	汾阳市	58
695	兴县	58
3331	朔州市	5
3332	市辖区	3331
3333	朔城区	3331
3334	平鲁区	3331
3335	山阴县	3331
3336	应县	3331
3337	右玉县	3331
3338	怀仁县	3331
6	内蒙古自治区	0
59	呼和浩特市	6
705	新城区	59
706	回民区	59
707	玉泉区	59
708	赛罕区	59
709	土默特左旗	59
710	托克托县	59
711	和林格尔县	59
712	清水河县	59
713	武川县	59
60	包头市	6
714	东河区	60
715	昆都仑区	60
716	青山区	60
717	石拐区	60
718	白云鄂博矿区	60
719	九原区	60
720	土默特右旗	60
721	固阳县	60
722	达尔罕茂明安联合旗	60
61	乌海市	6
723	海勃湾区	61
724	海南区	61
725	乌达区	61
62	赤峰市	6
726	红山区	62
727	元宝山区	62
728	松山区	62
729	阿鲁科尔沁旗	62
730	巴林左旗	62
731	巴林右旗	62
732	林西县	62
733	克什克腾旗	62
734	翁牛特旗	62
735	喀喇沁旗	62
736	宁城县	62
737	敖汉旗	62
64	鄂尔多斯市	6
746	东胜区	64
748	准格尔旗	64
749	鄂托克前旗	64
750	鄂托克旗	64
751	杭锦旗	64
752	乌审旗	64
753	伊金霍洛旗	64
747	达拉特旗	64
65	呼伦贝尔市	6
754	海拉尔区	65
755	阿荣旗	65
756	莫力达瓦达斡尔族自治	65
757	鄂伦春自治旗	65
759	陈巴尔虎旗	65
760	新巴尔虎左旗	65
761	新巴尔虎右旗	65
762	满洲里市	65
763	牙克石市	65
764	扎兰屯市	65
765	额尔古纳市	65
766	根河市	65
758	鄂温克族自治旗	65
66	巴彦淖尔市	6
767	临河区	66
768	五原县	66
769	磴口县	66
770	乌拉特前旗	66
772	乌拉特后旗	66
773	杭锦后旗	66
771	乌拉特中旗	66
67	乌兰察布市	6
774	集宁区	67
775	卓资县	67
776	化德县	67
777	商都县	67
778	兴和县	67
779	凉城县	67
780	察哈尔右翼前旗	67
781	察哈尔右翼中旗	67
782	察哈尔右翼后旗	67
783	四子王旗	67
784	丰镇市	67
68	兴安盟	6
785	乌兰浩特市	68
786	阿尔山市	68
787	科尔沁右翼前旗	68
788	科尔沁右翼中旗	68
789	扎赉特旗	68
790	突泉县	68
69	锡林郭勒盟	6
791	二连浩特市	69
792	锡林浩特市	69
793	阿巴嘎旗	69
794	苏尼特左旗	69
795	苏尼特右旗	69
796	东乌珠穆沁旗	69
797	西乌珠穆沁旗	69
798	太仆寺旗	69
799	镶黄旗	69
800	正镶白旗	69
801	正蓝旗	69
802	多伦县	69
70	阿拉善盟	6
803	阿拉善左旗	70
804	阿拉善右旗	70
805	额济纳旗	70
63	通辽市	6
738	科尔沁区	63
739	科尔沁左翼中旗	63
740	科尔沁左翼后旗	63
741	开鲁县	63
742	库伦旗	63
743	奈曼旗	63
744	扎鲁特旗	63
745	霍林郭勒市	63
7	辽宁省	0
71	沈阳市	7
806	和平区	71
807	沈河区	71
808	大东区	71
809	皇姑区	71
810	铁西区	71
811	苏家屯区	71
812	东陵区	71
813	沈北新区	71
814	于洪区	71
815	浑南新区	71
816	辽中县	71
817	康平县	71
818	法库县	71
819	新民市	71
72	大连市	7
820	中山区	72
821	西岗区	72
822	沙河口区	72
823	甘井子区	72
824	旅顺口区	72
825	金州区	72
826	保税区	72
827	开发区	72
828	长海县	72
829	瓦房店市	72
830	普兰店市	72
831	庄河市	72
74	抚顺市	7
839	新抚区	74
840	东洲区	74
841	望花区	74
842	顺城区	74
843	抚顺县	74
844	新宾满族自治县	74
845	清原满族自治县	74
75	本溪市	7
846	平山区	75
847	溪湖区	75
848	明山区	75
849	南芬区	75
850	本溪满族自治县	75
851	桓仁满族自治县	75
76	丹东市	7
852	元宝区	76
853	振兴区	76
854	振安区	76
855	宽甸满族自治县	76
856	东港市	76
857	凤城市	76
77	锦州市	7
858	古塔区	77
859	凌河区	77
860	太和区	77
861	黑山县	77
862	义县	77
863	凌海市	77
864	北镇市	77
78	营口市	7
865	站前区	78
866	西市区	78
867	鲅鱼圈区	78
868	老边区	78
870	大石桥市	78
869	盖州市	78
79	阜新市	7
871	海州区	79
872	新邱区	79
873	太平区	79
874	清河门区	79
875	细河区	79
876	阜新蒙古族自治县	79
877	彰武县	79
80	辽阳市	7
878	白塔区	80
879	文圣区	80
880	宏伟区	80
881	弓长岭区	80
882	太子河区	80
883	辽阳县	80
884	灯塔市	80
81	盘锦市	7
885	双台子区	81
886	兴隆台区	81
887	大洼县	81
888	盘山县	81
83	朝阳市	7
896	双塔区	83
897	龙城区	83
898	朝阳县	83
899	建平县	83
900	喀喇沁左翼蒙古族自治县	83
901	北票市	83
902	凌源市	83
84	葫芦岛市	7
903	连山区	84
904	龙港区	84
905	南票区	84
906	绥中县	84
907	建昌县	84
908	兴城市	84
73	鞍山市	7
832	铁东区	73
833	铁西区	73
834	立山区	73
836	台安县	73
837	岫岩满族自治县	73
838	海城市	73
835	千山区	73
82	铁岭市	7
889	银州区	82
890	清河区	82
891	铁岭县	82
892	西丰县	82
893	昌图县	82
894	调兵山市	82
895	开原市	82
8	吉林省	0
91	松原市	8
953	宁江区	91
954	前郭尔罗斯蒙古族自治县	91
955	长岭县	91
956	乾安县	91
957	扶余县	91
92	白城市	8
958	洮北区	92
959	镇赉县	92
960	通榆县	92
961	洮南市	92
962	大安市	92
93	延边朝鲜族自治州	8
963	延吉市	93
964	图们市	93
965	敦化市	93
966	珲春市	93
967	龙井市	93
969	汪清县	93
970	安图县	93
968	和龙市	93
85	长春市	8
909	南关区	85
910	宽城区	85
911	朝阳区	85
912	二道区	85
913	绿园区	85
914	双阳区	85
915	高新区	85
916	经开区	85
917	农安县	85
918	九台市	85
919	榆树市	85
920	德惠市	85
86	吉林市	8
921	昌邑区	86
922	龙潭区	86
923	船营区	86
924	丰满区	86
925	永吉县	86
926	蛟河市	86
927	桦甸市	86
928	舒兰市	86
929	磐石市	86
87	四平市	8
931	铁东区	87
932	梨树县	87
933	伊通满族自治县	87
934	公主岭市	87
935	双辽市	87
930	铁西区	87
88	辽源市	8
936	龙山区	88
937	西安区	88
938	东丰县	88
939	东辽县	88
89	通化市	8
943	辉南县	89
944	柳河县	89
945	梅河口市	89
946	集安市	89
941	二道江区	89
942	通化县	89
940	东昌区	89
90	白山市	8
947	八道江区	90
948	江源区	90
949	抚松县	90
950	靖宇县	90
951	长白朝鲜族自治县	90
952	临江市	90
9	黑龙江省	0
94	哈尔滨市	9
971	道里区	94
972	南岗区	94
973	道外区	94
974	平房区	94
975	松北区	94
976	香坊区	94
977	呼兰区	94
978	阿城区	94
979	依兰县	94
981	宾县	94
982	巴彦县	94
983	木兰县	94
984	通河县	94
985	延寿县	94
986	双城市	94
987	尚志市	94
988	五常市	94
980	方正县	94
95	齐齐哈尔市	9
989	龙沙区	95
990	建华区	95
992	昂昂溪区	95
993	富拉尔基区	95
994	碾子山区	95
995	梅里斯达斡尔族区	95
996	龙江县	95
997	依安县	95
998	泰来县	95
999	甘南县	95
1000	富裕县	95
1001	克山县	95
1003	拜泉县	95
1004	讷河市	95
991	铁锋区	95
1002	克东县	95
96	鸡西市	9
1005	鸡冠区	96
1006	恒山区	96
1007	滴道区	96
1008	梨树区	96
1009	城子河区	96
1010	麻山区	96
1011	鸡东县	96
1013	密山市	96
1012	虎林市	96
97	鹤岗市	9
1014	向阳区	97
1015	工农区	97
1016	南山区	97
1017	兴安区	97
1018	东山区	97
1019	兴山区	97
1020	萝北县	97
1021	绥滨县	97
98	双鸭山市	9
1022	尖山区	98
1023	岭东区	98
1024	四方台区	98
1025	宝山区	98
1026	集贤县	98
1027	友谊县	98
1028	宝清县	98
1029	饶河县	98
99	大庆市	9
1030	萨尔图区	99
1031	龙凤区	99
1032	让胡路区	99
1033	红岗区	99
1034	大同区	99
1035	肇州县	99
1036	肇源县	99
1037	林甸县	99
1038	杜尔伯特蒙古族自治县	99
100	伊春市	9
1039	伊春区	100
1040	南岔区	100
1041	友好区	100
1042	西林区	100
1043	翠峦区	100
1044	新青区	100
1045	美溪区	100
1046	金山屯区	100
1047	五营区	100
1048	乌马河区	100
1049	汤旺河区	100
1050	带岭区	100
1051	乌伊岭区	100
1052	红星区	100
1053	上甘岭区	100
1054	嘉荫县	100
1055	铁力市	100
101	佳木斯市	9
1056	向阳区	101
1057	前进区	101
1058	东风区	101
1059	郊区	101
1060	桦南县	101
1061	桦川县	101
1062	汤原县	101
1064	同江市	101
1065	富锦市	101
1063	抚远县	101
102	七台河市	9
1066	新兴区	102
1067	桃山区	102
1068	茄子河区	102
1069	勃利县	102
3293	镇江新区	102
103	黑河市	9
1082	爱辉区	103
1083	嫩江县	103
1084	逊克县	103
1085	孙吴县	103
1087	五大连池市	103
1086	北安市	103
104	绥化市	9
1088	北林区	104
1089	望奎县	104
1090	兰西县	104
1091	青冈县	104
1092	庆安县	104
1093	明水县	104
1094	绥棱县	104
1095	安达市	104
1096	肇东市	104
1097	海伦市	104
105	大兴安岭地区	9
1098	呼玛县	105
1099	塔河县	105
1100	漠河县	105
3296	牡丹江市	9
1071	市辖区	3296
1072	东安区	3296
1073	阳明区	3296
1074	爱民区	3296
1075	西安区	3296
1076	东宁县	3296
1077	林口县	3296
1078	绥芬河市	3296
1080	宁安市	3296
1081	穆棱市	3296
1079	海林市	3296
10	上海	0
106	上海市	10
1111	宝山区	106
1112	嘉定区	106
1113	浦东新区	106
1114	金山区	106
1115	松江区	106
1116	青浦区	106
1117	奉贤区	106
1118	崇明县	106
1101	黄浦区	106
1102	卢湾区	106
1103	徐汇区	106
1104	长宁区	106
1105	静安区	106
1106	普陀区	106
1108	虹口区	106
1109	杨浦区	106
1110	闵行区	106
1107	闸北区	106
11	江苏省	0
107	南京市	11
1119	玄武区	107
1120	白下区	107
1121	秦淮区	107
1122	建邺区	107
1123	鼓楼区	107
1124	下关区	107
1125	浦口区	107
1126	栖霞区	107
1127	雨花台区	107
1128	江宁区	107
1129	六合区	107
1130	溧水县	107
1131	高淳县	107
108	无锡市	11
1132	崇安区	108
1133	南长区	108
1134	北塘区	108
1135	锡山区	108
1136	惠山区	108
1137	滨湖区	108
1138	江阴市	108
1139	宜兴市	108
109	徐州市	11
1140	鼓楼区	109
1141	云龙区	109
1142	九里区	109
1143	贾汪区	109
1144	泉山区	109
1145	丰县	109
1147	铜山县	109
1148	睢宁县	109
1149	新沂市	109
1150	邳州市	109
1146	沛县	109
110	常州市	11
1151	天宁区	110
1152	钟楼区	110
1153	戚墅堰区	110
1154	新北区	110
1155	武进区	110
1156	溧阳市	110
1157	金坛市	110
111	苏州市	11
1158	沧浪区	111
1159	平江区	111
1160	金阊区	111
1161	虎丘区	111
1162	吴中区	111
1163	相城区	111
1164	高新区	111
1165	工业园区	111
1166	常熟市	111
1167	张家港市	111
1168	昆山市	111
1169	吴江市	111
1170	太仓市	111
112	南通市	11
1172	港闸区	112
1173	通州区	112
1174	海安县	112
1175	如东县	112
1176	启东市	112
1177	如皋市	112
1178	海门市	112
1171	崇川区	112
113	连云港市	11
1179	连云区	113
1180	新浦区	113
1181	海州区	113
1183	东海县	113
1184	灌云县	113
1185	灌南县	113
1182	赣榆县	113
114	淮安市	11
1186	清河区	114
1187	楚州区	114
1188	淮阴区	114
1189	清浦区	114
1190	涟水县	114
1191	洪泽县	114
1192	盱眙县	114
1193	金湖县	114
115	盐城市	11
1194	亭湖区	115
1195	盐都区	115
1196	响水县	115
1197	滨海县	115
1198	阜宁县	115
1199	射阳县	115
1200	建湖县	115
1201	东台市	115
1202	大丰市	115
116	扬州市	11
1203	广陵区	116
1204	邗江区	116
1205	维扬区	116
1206	宝应县	116
1207	仪征市	116
1208	高邮市	116
1209	江都市	116
117	镇江市	11
1210	京口区	117
1211	润州区	117
1212	丹徒区	117
1213	丹阳市	117
1214	扬中市	117
1215	句容市	117
118	泰州市	11
1216	海陵区	118
1217	高港区	118
1218	兴化市	118
1219	靖江市	118
1220	泰兴市	118
1221	姜堰市	118
119	宿迁市	11
1222	宿城区	119
1223	宿豫区	119
1224	沭阳县	119
1225	泗阳县	119
1226	泗洪县	119
12	浙江省	0
120	杭州市	12
1227	上城区	120
1228	下城区	120
1229	江干区	120
1230	拱墅区	120
1231	西湖区	120
1232	滨江区	120
1233	萧山区	120
1234	余杭区	120
1235	桐庐县	120
1236	淳安县	120
1237	建德市	120
1238	富阳市	120
1239	临安市	120
121	宁波市	12
1245	鄞州区	121
1246	象山县	121
1247	宁海县	121
1248	余姚市	121
1249	慈溪市	121
1250	奉化市	121
1240	海曙区	121
1241	江东区	121
1242	江北区	121
1243	北仑区	121
1244	镇海区	121
122	温州市	12
1251	鹿城区	122
1252	龙湾区	122
1253	瓯海区	122
1254	洞头县	122
1255	永嘉县	122
1256	平阳县	122
1257	苍南县	122
1258	文成县	122
1259	泰顺县	122
1260	瑞安市	122
1261	乐清市	122
123	嘉兴市	12
1262	南湖区	123
1263	秀洲区	123
1265	海盐县	123
1266	海宁市	123
1267	平湖市	123
1268	桐乡市	123
1264	嘉善县	123
124	湖州市	12
1269	吴兴区	124
1270	南浔区	124
1271	德清县	124
1272	长兴县	124
1273	安吉县	124
125	绍兴市	12
1274	越城区	125
1275	镜湖新区	125
1277	新昌县	125
1278	诸暨市	125
1279	上虞市	125
1280	嵊州市	125
1276	绍兴县	125
126	金华市	12
1281	婺城区	126
1282	金东区	126
1283	武义县	126
1284	浦江县	126
1285	磐安县	126
1286	兰溪市	126
1288	东阳市	126
1289	永康市	126
1287	义乌市	126
127	衢州市	12
1290	柯城区	127
1291	衢江区	127
1292	常山县	127
1293	开化县	127
1294	龙游县	127
1295	江山市	127
128	舟山市	12
1296	定海区	128
1297	普陀区	128
1299	嵊泗县	128
1298	岱山县	128
129	台州市	12
1300	椒江区	129
1301	黄岩区	129
1302	路桥区	129
1303	玉环县	129
1304	三门县	129
1305	天台县	129
1306	仙居县	129
1307	温岭市	129
1308	临海市	129
130	丽水市	12
1310	青田县	130
1311	缙云县	130
1312	遂昌县	130
1313	松阳县	130
1314	云和县	130
1315	庆元县	130
1316	景宁畲族自治县	130
1317	龙泉市	130
1309	莲都区	130
13	安徽省	0
131	合肥市	13
1318	瑶海区	131
1319	庐阳区	131
1320	蜀山区	131
1321	包河区	131
1322	高新区	131
1323	经济开发区	131
1324	长丰县	131
1325	肥西县	131
1326	肥东县	131
132	芜湖市	13
1327	镜湖区	132
1328	弋江区	132
1329	鸠江区	132
1330	三山区	132
1331	芜湖县	132
1332	繁昌县	132
1333	南陵县	132
133	蚌埠市	13
1334	龙子湖区	133
1335	蚌山区	133
1336	禹会区	133
1337	淮上区	133
1338	怀远县	133
1339	五河县	133
1340	固镇县	133
135	马鞍山市	13
1348	花山区	135
1349	雨山区	135
1350	当涂县	135
1347	金家庄区	135
136	淮北市	13
1351	杜集区	136
1352	相山区	136
1353	烈山区	136
1354	濉溪县	136
137	铜陵市	13
1355	铜官山区	137
1356	狮子山区	137
1357	郊区	137
1358	铜陵县	137
3294	市辖区	137
138	安庆市	13
1359	迎江区	138
1361	宜秀区	138
1362	经济开发区	138
1363	怀宁县	138
1364	枞阳县	138
1365	潜山县	138
1366	太湖县	138
1367	宿松县	138
1368	望江县	138
1369	岳西县	138
1370	桐城市	138
1360	大观区	138
139	黄山市	13
1371	屯溪区	139
1372	黄山区	139
1373	徽州区	139
1374	歙县	139
1375	休宁县	139
1376	黟县	139
1377	祁门县	139
140	滁州市	13
1378	琅琊区	140
1379	南谯区	140
1380	来安县	140
1381	全椒县	140
1382	定远县	140
1383	凤阳县	140
1384	天长市	140
1385	明光市	140
141	阜阳市	13
1386	颍州区	141
1387	颍东区	141
1388	颍泉区	141
1389	临泉县	141
1390	太和县	141
1391	阜南县	141
1392	颍上县	141
1393	界首市	141
142	宿州市	13
1394	埇桥区	142
1395	砀山县	142
1396	萧县	142
1397	灵璧县	142
1398	泗县	142
144	六安市	13
1404	金安区	144
1405	裕安区	144
1406	经济开发区	144
1407	寿县	144
1408	霍邱县	144
1409	舒城县	144
1410	金寨县	144
1411	霍山县	144
145	亳州市	13
1412	谯城区	145
1413	涡阳县	145
1414	蒙城县	145
1415	利辛县	145
146	池州市	13
1416	贵池区	146
1417	东至县	146
1418	石台县	146
1419	青阳县	146
147	宣城市	13
1420	宣州区	147
1421	郎溪县	147
1422	广德县	147
1423	泾县	147
1424	绩溪县	147
1425	旌德县	147
1426	宁国市	147
134	淮南市	13
1341	大通区	134
1342	田家庵区	134
1343	谢家集区	134
1344	八公山区	134
1345	潘集区	134
1346	凤台县	134
143	巢湖市	13
1399	居巢区	143
1400	庐江县	143
1401	无为县	143
1402	含山县	143
1403	和县	143
14	福建省	0
148	福州市	14
1427	鼓楼区	148
1428	台江区	148
1429	仓山区	148
1430	马尾区	148
1432	闽侯县	148
1433	连江县	148
1434	罗源县	148
1435	闽清县	148
1436	永泰县	148
1437	平潭县	148
1438	福清市	148
1439	长乐市	148
1431	晋安区	148
149	厦门市	14
1440	思明区	149
1441	海沧区	149
1443	集美区	149
1444	同安区	149
1445	翔安区	149
1442	湖里区	149
150	莆田市	14
1446	城厢区	150
1447	涵江区	150
1448	荔城区	150
1449	秀屿区	150
1450	仙游县	150
151	三明市	14
1451	梅列区	151
1452	三元区	151
1454	清流县	151
1455	宁化县	151
1456	大田县	151
1457	尤溪县	151
1458	沙县	151
1459	将乐县	151
1460	泰宁县	151
1461	建宁县	151
1462	永安市	151
1453	明溪县	151
152	泉州市	14
1463	鲤城区	152
1464	丰泽区	152
1466	泉港区	152
1467	惠安县	152
1468	安溪县	152
1469	永春县	152
1470	德化县	152
1471	金门县	152
1472	石狮市	152
1473	晋江市	152
1474	南安市	152
1465	洛江区	152
154	南平市	14
1486	延平区	154
1487	顺昌县	154
1488	浦城县	154
1489	光泽县	154
1490	松溪县	154
1491	政和县	154
1492	邵武市	154
1493	武夷山市	154
1494	建瓯市	154
1495	建阳市	154
155	龙岩市	14
1496	新罗区	155
1497	长汀县	155
1498	永定县	155
1499	上杭县	155
1500	武平县	155
1501	连城县	155
1502	漳平市	155
156	宁德市	14
1503	蕉城区	156
1504	霞浦县	156
1505	古田县	156
1506	屏南县	156
1507	寿宁县	156
1508	周宁县	156
1509	柘荣县	156
1510	福安市	156
1511	福鼎市	156
153	漳州市	14
1475	芗城区	153
1476	龙文区	153
1477	云霄县	153
1478	漳浦县	153
1479	诏安县	153
1480	长泰县	153
1481	东山县	153
1482	南靖县	153
1483	平和县	153
1484	华安县	153
1485	龙海市	153
15	江西省	0
157	南昌市	15
1512	东湖区	157
1513	西湖区	157
1514	青云谱区	157
1515	湾里区	157
1516	青山湖区	157
1517	昌北经开区	157
1518	高新区	157
1520	新建县	157
1521	安义县	157
1522	进贤县	157
3295	市辖区	157
1519	南昌县	157
158	景德镇市	15
1523	昌江区	158
1524	珠山区	158
1525	浮梁县	158
1526	乐平市	158
159	萍乡市	15
1527	安源区	159
1528	湘东区	159
1529	莲花县	159
1531	芦溪县	159
1530	上栗县	159
160	九江市	15
1532	庐山区	160
1533	浔阳区	160
1534	九江县	160
1535	武宁县	160
1536	修水县	160
1537	永修县	160
1538	德安县	160
1539	星子县	160
1540	都昌县	160
1542	彭泽县	160
1543	瑞昌市	160
1541	湖口县	160
161	新余市	15
1544	渝水区	161
1545	分宜县	161
162	鹰潭市	15
1546	月湖区	162
1547	余江县	162
1548	贵溪市	162
164	吉安市	15
1567	吉州区	164
1568	青原区	164
1569	吉安县	164
1570	吉水县	164
1571	峡江县	164
1572	新干县	164
1573	永丰县	164
1574	泰和县	164
1575	遂川县	164
1576	万安县	164
1577	安福县	164
1578	永新县	164
1579	井冈山市	164
165	宜春市	15
1580	袁州区	165
1581	奉新县	165
1582	万载县	165
1583	上高县	165
1584	宜丰县	165
1585	靖安县	165
1586	铜鼓县	165
1587	丰城市	165
1588	樟树市	165
1589	高安市	165
166	抚州市	15
1590	临川区	166
1591	南城县	166
1592	黎川县	166
1593	南丰县	166
1594	崇仁县	166
1595	乐安县	166
1596	宜黄县	166
1597	金溪县	166
1598	资溪县	166
1599	东乡县	166
1600	广昌县	166
167	上饶市	15
1601	信州区	167
1602	上饶县	167
1603	广丰县	167
1604	玉山县	167
1605	铅山县	167
1606	横峰县	167
1607	弋阳县	167
1608	余干县	167
1609	鄱阳县	167
1611	婺源县	167
1612	德兴市	167
1610	万年县	167
163	赣州市	15
1561	兴国县	163
1562	会昌县	163
1563	寻乌县	163
1564	石城县	163
1565	瑞金市	163
1566	南康市	163
1549	章贡区	163
1550	赣县	163
1551	信丰县	163
1552	大余县	163
1554	崇义县	163
1555	安远县	163
1556	龙南县	163
1557	定南县	163
1558	全南县	163
1559	宁都县	163
1560	于都县	163
1553	上犹县	163
16	山东省	0
168	济南市	16
1613	历下区	168
1614	市中区	168
1615	槐荫区	168
1616	天桥区	168
1617	历城区	168
1618	长清区	168
1619	平阴县	168
1620	济阳县	168
1622	章丘市	168
1621	商河县	168
169	青岛市	16
1624	市北区	169
1625	四方区	169
1626	黄岛区	169
1627	崂山区	169
1628	李沧区	169
1629	城阳区	169
1630	胶州市	169
1631	即墨市	169
1633	胶南市	169
1634	莱西市	169
1632	平度市	169
170	淄博市	16
1635	淄川区	170
1636	张店区	170
1637	博山区	170
1638	临淄区	170
1639	周村区	170
1640	高新区	170
1641	桓台县	170
1642	高青县	170
1643	沂源县	170
171	枣庄市	16
1645	薛城区	171
1646	峄城区	171
1647	台儿庄区	171
1648	山亭区	171
1649	滕州市	171
1644	市中区	171
172	东营市	16
1650	东营区	172
1651	河口区	172
1652	垦利县	172
1653	利津县	172
1654	广饶县	172
174	潍坊市	16
1668	潍城区	174
1669	寒亭区	174
1670	坊子区	174
1671	奎文区	174
1672	临朐县	174
1673	昌乐县	174
1674	青州市	174
1675	诸城市	174
1676	寿光市	174
1677	安丘市	174
1678	高密市	174
1679	昌邑市	174
175	济宁市	16
1680	市中区	175
1681	任城区	175
1682	高新区	175
1683	微山县	175
1684	鱼台县	175
1685	金乡县	175
1686	嘉祥县	175
1687	汶上县	175
1688	泗水县	175
1689	梁山县	175
1690	曲阜市	175
1691	兖州市	175
1692	邹城市	175
176	泰安市	16
1693	泰山区	176
1694	岱岳区	176
1695	宁阳县	176
1696	东平县	176
1697	新泰市	176
1698	肥城市	176
177	威海市	16
1699	环翠区	177
1700	经济开发区	177
1701	文登市	177
1702	荣成市	177
1703	乳山市	177
178	日照市	16
1704	东港区	178
1705	岚山区	178
1706	五莲县	178
1707	莒县	178
179	莱芜市	16
1708	莱城区	179
1709	钢城区	179
180	临沂市	16
1711	罗庄区	180
1712	河东区	180
1713	沂南县	180
1714	郯城县	180
1715	沂水县	180
1716	苍山县	180
1717	费县	180
1718	平邑县	180
1719	莒南县	180
1720	蒙阴县	180
1721	临沭县	180
1710	兰山区	180
181	德州市	16
1723	经济技术开发区	181
1724	陵县	181
1725	宁津县	181
1726	庆云县	181
1727	临邑县	181
1728	齐河县	181
1729	平原县	181
1730	夏津县	181
1731	武城县	181
1732	乐陵市	181
1733	禹城市	181
1722	德城区	181
182	聊城市	16
1734	东昌府区	182
1736	莘县	182
1737	茌平县	182
1738	东阿县	182
1739	冠县	182
1740	高唐县	182
1741	临清市	182
1735	阳谷县	182
184	菏泽市	16
1749	牡丹区	184
1750	曹县	184
1751	单县	184
1752	成武县	184
1753	巨野县	184
1754	郓城县	184
1755	鄄城县	184
1756	定陶县	184
1757	东明县	184
173	烟台市	16
1656	福山区	173
1657	牟平区	173
1658	莱山区	173
1659	开发区	173
1660	长岛县	173
1661	龙口市	173
1662	莱阳市	173
1663	莱州市	173
1664	蓬莱市	173
1665	招远市	173
1666	栖霞市	173
1667	海阳市	173
1655	芝罘区	173
183	滨州市	16
1742	滨城区	183
1743	惠民县	183
1744	阳信县	183
1745	无棣县	183
1746	沾化县	183
1747	博兴县	183
1748	邹平县	183
17	河南省	0
196	三门峡市	17
1863	湖滨区	196
1864	渑池县	196
1865	陕县	196
1866	卢氏县	196
1867	义马市	196
1868	灵宝市	196
197	南阳市	17
1869	宛城区	197
1870	卧龙区	197
1871	南召县	197
1872	方城县	197
1873	西峡县	197
1874	镇平县	197
1875	内乡县	197
1876	淅川县	197
1877	社旗县	197
1878	唐河县	197
1879	新野县	197
1880	桐柏县	197
1881	邓州市	197
198	商丘市	17
1882	梁园区	198
1883	睢阳区	198
1884	民权县	198
1885	睢县	198
1886	宁陵县	198
1887	柘城县	198
1888	虞城县	198
1889	夏邑县	198
1890	永城市	198
199	信阳市	17
1891	浉河区	199
1892	平桥区	199
1893	罗山县	199
1894	光山县	199
1895	新县	199
1896	商城县	199
1897	固始县	199
1898	潢川县	199
1899	淮滨县	199
1900	息县	199
200	周口市	17
1901	川汇区	200
1902	扶沟县	200
1903	西华县	200
1904	商水县	200
1905	沈丘县	200
1907	淮阳县	200
1908	太康县	200
1909	鹿邑县	200
1910	项城市	200
1906	郸城县	200
201	驻马店市	17
1911	驿城区	201
1912	西平县	201
1913	上蔡县	201
1914	平舆县	201
1915	正阳县	201
1916	确山县	201
1918	汝南县	201
1919	遂平县	201
1920	新蔡县	201
1917	泌阳县	201
202	省直辖县级行政区划	17
1921	济源市	202
185	郑州市	17
1758	中原区	185
1759	二七区	185
1760	管城回族区	185
1761	金水区	185
1762	上街区	185
1763	惠济区	185
1764	高新区	185
1765	中牟县	185
1766	巩义市	185
1767	荥阳市	185
1768	新密市	185
1769	新郑市	185
1770	登封市	185
186	开封市	17
1771	龙亭区	186
1772	顺河回族区	186
1773	鼓楼区	186
1774	禹王台区	186
1775	金明区	186
1776	经开区	186
1777	杞县	186
1778	通许县	186
1779	尉氏县	186
1780	开封县	186
1781	兰考县	186
187	洛阳市	17
1782	老城区	187
1783	西工区	187
1784	瀍河回族区	187
1785	涧西区	187
1786	吉利区	187
1787	洛龙区	187
1788	孟津县	187
1789	新安县	187
1790	栾川县	187
1791	嵩县	187
1792	汝阳县	187
1793	宜阳县	187
1794	洛宁县	187
1795	伊川县	187
1796	偃师市	187
3279	高新区	187
188	平顶山市	17
1797	新华区	188
1798	卫东区	188
1799	石龙区	188
1800	湛河区	188
1801	宝丰县	188
1802	叶县	188
1803	鲁山县	188
1805	舞钢市	188
1806	汝州市	188
1804	郏县	188
189	安阳市	17
1807	文峰区	189
1809	殷都区	189
1810	龙安区	189
1811	开发区	189
1812	安阳县	189
1813	汤阴县	189
1814	滑县	189
1815	内黄县	189
1816	林州市	189
1808	北关区	189
190	鹤壁市	17
1817	鹤山区	190
1818	山城区	190
1819	淇滨区	190
1820	浚县	190
1821	淇县	190
191	新乡市	17
1822	红旗区	191
1824	凤泉区	191
1825	牧野区	191
1826	新乡县	191
1827	获嘉县	191
1828	原阳县	191
1829	延津县	191
1830	封丘县	191
1831	长垣县	191
1832	卫辉市	191
1833	辉县市	191
1823	卫滨区	191
192	焦作市	17
1835	中站区	192
1836	马村区	192
1837	山阳区	192
1838	修武县	192
1839	博爱县	192
1840	武陟县	192
1841	温县	192
1842	沁阳市	192
1843	孟州市	192
1834	解放区	192
194	许昌市	17
1850	魏都区	194
1851	经开区	194
1852	许昌县	194
1853	鄢陵县	194
1854	襄城县	194
1855	禹州市	194
1856	长葛市	194
195	漯河市	17
1857	源汇区	195
1858	郾城区	195
1859	召陵区	195
1860	铁东开发区	195
1861	舞阳县	195
1862	临颍县	195
193	濮阳市	17
1846	南乐县	193
1847	范县	193
1848	台前县	193
1849	濮阳县	193
1844	华龙区	193
1845	清丰县	193
18	湖北省	0
203	武汉市	18
1935	经济开发区	203
1922	江岸区	203
1923	江汉区	203
1924	硚口区	203
1925	汉阳区	203
1926	武昌区	203
1927	青山区	203
1928	洪山区	203
1930	汉南区	203
1931	蔡甸区	203
1932	江夏区	203
1933	黄陂区	203
1934	新洲区	203
1929	东西湖区	203
204	黄石市	18
1936	黄石港区	204
1937	西塞山区	204
1938	下陆区	204
1939	铁山区	204
1940	阳新县	204
1941	大冶市	204
205	十堰市	18
1942	茅箭区	205
1944	郧县	205
1945	郧西县	205
1946	竹山县	205
1947	竹溪县	205
1949	丹江口市	205
1943	张湾区	205
1948	房县	205
206	宜昌市	18
1950	西陵区	206
1951	伍家岗区	206
1952	点军区	206
1953	猇亭区	206
1954	夷陵区	206
1955	远安县	206
1957	秭归县	206
1958	长阳土家族自治县	206
1959	五峰土家族自治县	206
1960	宜都市	206
1961	当阳市	206
1962	枝江市	206
1956	兴山县	206
207	襄阳市	18
1963	襄城区	207
1964	樊城区	207
1965	襄阳区	207
1966	南漳县	207
1967	谷城县	207
1968	保康县	207
1969	老河口市	207
1970	枣阳市	207
1971	宜城市	207
208	鄂州市	18
1972	梁子湖区	208
1973	华容区	208
1974	鄂城区	208
209	荆门市	18
1975	东宝区	209
1976	掇刀区	209
1977	京山县	209
1978	沙洋县	209
1979	钟祥市	209
210	孝感市	18
1980	孝南区	210
1981	孝昌县	210
1982	大悟县	210
1983	云梦县	210
1984	应城市	210
1985	安陆市	210
1986	汉川市	210
211	荆州市	18
1987	沙市区	211
1988	荆州区	211
1989	公安县	211
1990	监利县	211
1991	江陵县	211
1992	石首市	211
1993	洪湖市	211
1994	松滋市	211
212	黄冈市	18
1995	黄州区	212
1996	团风县	212
1997	红安县	212
1998	罗田县	212
1999	英山县	212
2000	浠水县	212
2001	蕲春县	212
2002	黄梅县	212
2003	麻城市	212
2004	武穴市	212
213	咸宁市	18
2005	咸安区	213
2006	嘉鱼县	213
2007	通城县	213
2008	崇阳县	213
2009	通山县	213
2010	赤壁市	213
214	随州市	18
2011	曾都区	214
2012	随县	214
2013	广水市	214
215	恩施土家族苗族自治州	18
2014	恩施市	215
2015	利川市	215
2016	建始县	215
2017	巴东县	215
2018	宣恩县	215
2019	咸丰县	215
2020	来凤县	215
2021	鹤峰县	215
216	省直辖县级行政区划	18
2022	仙桃市	216
2024	天门市	216
2025	神农架林区	216
2023	潜江市	216
19	湖南省	0
217	长沙市	19
2027	天心区	217
2028	岳麓区	217
2029	开福区	217
2030	雨花区	217
2031	长沙县	217
2032	望城县	217
2033	宁乡县	217
2034	浏阳市	217
2026	芙蓉区	217
218	株洲市	19
2035	荷塘区	218
2036	芦淞区	218
2037	石峰区	218
2038	天元区	218
2039	株洲县	218
2040	攸县	218
2041	茶陵县	218
2042	炎陵县	218
2043	醴陵市	218
219	湘潭市	19
2044	雨湖区	219
2045	岳塘区	219
2046	湘潭县	219
2047	湘乡市	219
2048	韶山市	219
220	衡阳市	19
2049	珠晖区	220
2050	雁峰区	220
2051	石鼓区	220
2052	蒸湘区	220
2053	南岳区	220
2054	衡阳县	220
2055	衡南县	220
2056	衡山县	220
2057	衡东县	220
2058	祁东县	220
2059	耒阳市	220
2060	常宁市	220
221	邵阳市	19
2061	双清区	221
2062	大祥区	221
2063	北塔区	221
2064	邵东县	221
2065	新邵县	221
2066	邵阳县	221
2067	隆回县	221
2068	洞口县	221
2069	绥宁县	221
2070	新宁县	221
2072	武冈市	221
2071	城步苗族自治县	221
222	岳阳市	19
2073	岳阳楼区	222
2074	云溪区	222
2075	君山区	222
2076	岳阳县	222
2077	华容县	222
2078	湘阴县	222
2079	平江县	222
2080	汨罗市	222
2081	临湘市	222
223	常德市	19
2082	武陵区	223
2084	安乡县	223
2085	汉寿县	223
2086	澧县	223
2087	临澧县	223
2088	桃源县	223
2089	石门县	223
2090	津市市	223
2083	鼎城区	223
224	张家界市	19
2091	永定区	224
2092	武陵源区	224
2093	慈利县	224
2094	桑植县	224
225	益阳市	19
2096	赫山区	225
2097	南县	225
2098	桃江县	225
2099	安化县	225
2100	沅江市	225
2095	资阳区	225
226	郴州市	19
2101	北湖区	226
2102	苏仙区	226
2103	桂阳县	226
2104	宜章县	226
2105	永兴县	226
2106	嘉禾县	226
2108	汝城县	226
2109	桂东县	226
2110	安仁县	226
2111	资兴市	226
2107	临武县	226
227	永州市	19
2112	零陵区	227
2113	冷水滩区	227
2114	祁阳县	227
2115	东安县	227
2116	双牌县	227
2117	道县	227
2118	江永县	227
2119	宁远县	227
2120	蓝山县	227
2121	新田县	227
2122	江华瑶族自治县	227
228	怀化市	19
2123	鹤城区	228
2124	中方县	228
2125	沅陵县	228
2126	辰溪县	228
2127	溆浦县	228
2128	会同县	228
2129	麻阳苗族自治	228
2130	新晃侗族自治县	228
2131	芷江侗族自治县	228
2132	靖州苗族侗族自治县	228
2133	通道侗族自治县	228
2134	洪江市	228
229	娄底市	19
2135	娄星区	229
2136	双峰县	229
2137	新化县	229
2138	冷水江市	229
2139	涟源市	229
230	湘西土家族苗族自治州	19
2140	吉首市	230
2141	泸溪县	230
2142	凤凰县	230
2143	花垣县	230
2144	保靖县	230
2145	古丈县	230
2146	永顺县	230
2147	龙山县	230
20	广东省	0
231	广州市	20
2148	荔湾区	231
2149	越秀区	231
2150	海珠区	231
2151	天河区	231
2152	白云区	231
2153	黄埔区	231
2154	番禺区	231
2155	花都区	231
2156	南沙区	231
2157	萝岗区	231
2158	增城市	231
2159	从化市	231
232	韶关市	20
2160	武江区	232
2161	浈江区	232
2162	曲江区	232
2163	始兴县	232
2164	仁化县	232
2165	翁源县	232
2166	乳源瑶族自治县	232
2167	新丰县	232
2168	乐昌市	232
2169	南雄市	232
233	深圳市	20
2171	福田区	233
2172	南山区	233
2173	宝安区	233
2174	龙岗区	233
2175	盐田区	233
2170	罗湖区	233
234	珠海市	20
2176	香洲区	234
2177	斗门区	234
2178	金湾区	234
235	汕头市	20
2179	龙湖区	235
2180	金平区	235
2182	潮阳区	235
2183	潮南区	235
2184	澄海区	235
2185	南澳县	235
2181	濠江区	235
236	佛山市	20
2186	禅城区	236
2187	南海区	236
2188	顺德区	236
2189	三水区	236
2190	高明区	236
237	江门市	20
2191	蓬江区	237
2193	新会区	237
2194	台山市	237
2195	开平市	237
2196	鹤山市	237
2197	恩平市	237
2192	江海区	237
238	湛江市	20
2198	赤坎区	238
2199	霞山区	238
2200	坡头区	238
2201	麻章区	238
2202	遂溪县	238
2204	廉江市	238
2205	雷州市	238
2206	吴川市	238
2203	徐闻县	238
239	茂名市	20
2207	茂南区	239
2208	茂港区	239
2209	电白县	239
2210	高州市	239
2211	化州市	239
2212	信宜市	239
240	肇庆市	20
2213	端州区	240
2214	鼎湖区	240
2215	广宁县	240
2216	怀集县	240
2217	封开县	240
2218	德庆县	240
2219	高要市	240
2220	四会市	240
241	惠州市	20
2221	惠城区	241
2222	惠阳区	241
2223	博罗县	241
2224	惠东县	241
2225	龙门县	241
3282	仲恺高新区	241
242	梅州市	20
2226	梅江区	242
2227	梅县	242
2228	大埔县	242
2229	丰顺县	242
2230	五华县	242
2231	平远县	242
2232	蕉岭县	242
2233	兴宁市	242
243	汕尾市	20
2234	城区	243
2235	海丰县	243
2236	陆河县	243
2237	陆丰市	243
244	河源市	20
2238	源城区	244
2239	紫金县	244
2240	龙川县	244
2241	连平县	244
2242	和平县	244
2243	东源县	244
245	阳江市	20
2244	江城区	245
2245	阳西县	245
2246	阳东县	245
2247	阳春市	245
246	清远市	20
2248	清城区	246
2249	佛冈县	246
2250	阳山县	246
2251	连山壮族瑶族自治县	246
2252	连南瑶族自治县	246
2253	清新县	246
2254	英德市	246
2255	连州市	246
247	东莞市	20
3280	东莞市	247
249	潮州市	20
2256	湘桥区	249
2257	枫溪区	249
2258	潮安县	249
2259	饶平县	249
250	揭阳市	20
2260	榕城区	250
2261	东山区	250
2262	经开区	250
2263	揭东县	250
2264	揭西县	250
2265	惠来县	250
2266	普宁市	250
251	云浮市	20
2267	云城区	251
2268	新兴县	251
2269	郁南县	251
2271	罗定市	251
2270	云安县	251
248	中山市	20
3281	中山市	248
21	广西壮族自治区	0
252	南宁市	21
2272	兴宁区	252
2273	青秀区	252
2274	江南区	252
2275	西乡塘区	252
2276	良庆区	252
2277	邕宁区	252
2278	武鸣县	252
2279	隆安县	252
2280	马山县	252
2282	宾阳县	252
2283	横县	252
2281	上林县	252
253	柳州市	21
2284	城中区	253
2285	鱼峰区	253
2286	柳南区	253
2287	柳北区	253
2288	柳江县	253
2289	柳城县	253
2290	鹿寨县	253
2291	融安县	253
2292	融水苗族自治县	253
2293	三江侗族自治县	253
254	桂林市	21
2294	秀峰区	254
2295	叠彩区	254
2296	象山区	254
2297	七星区	254
2298	雁山区	254
2299	阳朔县	254
2300	临桂县	254
2301	灵川县	254
2302	全州县	254
2303	兴安县	254
2304	永福县	254
2305	灌阳县	254
2306	龙胜各族自治县	254
2307	资源县	254
2308	平乐县	254
2309	荔蒲县	254
2310	恭城瑶族自治县	254
255	梧州市	21
2311	万秀区	255
2312	蝶山区	255
2313	长洲区	255
2314	苍梧县	255
2315	藤县	255
2316	蒙山县	255
2317	岑溪市	255
256	北海市	21
2318	海城区	256
2319	银海区	256
2320	铁山港区	256
2321	合浦县	256
257	防城港市	21
2322	港口区	257
2323	防城区	257
2324	上思县	257
2325	东兴市	257
258	钦州市	21
2326	钦南区	258
2327	钦北区	258
2328	灵山县	258
2329	浦北县	258
259	贵港市	21
2330	港北区	259
2331	港南区	259
2332	覃塘区	259
2333	平南县	259
2334	桂平市	259
260	玉林市	21
2335	玉州区	260
2336	容县	260
2337	陆川县	260
2338	博白县	260
2339	兴业县	260
2340	北流市	260
262	贺州市	21
2353	八步区	262
2354	昭平县	262
2355	钟山县	262
2356	富川瑶族自治县	262
263	河池市	21
2357	金城江区	263
2358	南丹县	263
2359	天峨县	263
2360	凤山县	263
2361	东兰县	263
2362	罗城仫佬族自治县	263
2363	环江毛南族自治县	263
2364	巴马瑶族自治县	263
2365	都安瑶族自治县	263
2366	大化瑶族自治县	263
2367	宜州市	263
264	来宾市	21
2368	兴宾区	264
2369	忻城县	264
2370	象州县	264
2371	武宣县	264
2372	金秀瑶族自治县	264
2373	合山市	264
265	崇左市	21
2374	江洲区	265
2375	扶绥县	265
2376	宁明县	265
2377	龙州县	265
2378	大新县	265
2379	天等县	265
2380	凭祥市	265
261	百色市	21
2342	田阳县	261
2343	田东县	261
2344	平果县	261
2345	德保县	261
2346	靖西县	261
2347	那坡县	261
2348	凌云县	261
2349	乐业县	261
2350	田林县	261
2351	西林县	261
2352	隆林各族自治县	261
2341	右江区	261
22	海南省	0
266	海口市	22
2381	秀英区	266
2382	龙华区	266
2383	琼山区	266
2384	美兰区	266
267	三亚市	22
3289	市辖区	267
3322	海棠区	267
3323	吉阳区	267
3324	天涯区	267
3325	崖州区	267
2385	省直辖县级行政区划	22
2386	五指山市	2385
2388	儋州市	2385
2389	文昌市	2385
2390	万宁市	2385
2391	东方市	2385
2392	定安县	2385
2393	屯昌县	2385
2394	澄迈县	2385
2395	临高县	2385
2396	白沙黎族自治县	2385
2397	昌江黎族自治县	2385
2399	陵水黎族自治县	2385
2400	保亭黎族苗族自治县	2385
2401	琼中黎族苗族自治县	2385
2402	西沙群岛	2385
2403	南沙群岛	2385
2404	中沙群岛的岛礁及其海域	2385
2387	琼海市	2385
2398	乐东黎族自治县	2385
3326	三沙市	22
3327	三沙	3326
23	重庆	0
268	重庆市	23
2424	綦江县	268
2425	潼南县	268
2426	铜梁县	268
2427	大足县	268
2428	荣昌县	268
2429	璧山县	268
2430	梁平县	268
2431	城口县	268
2432	丰都县	268
2433	垫江县	268
2434	武隆县	268
2435	忠县	268
2436	开县	268
2437	云阳县	268
2438	奉节县	268
2439	巫山县	268
2440	巫溪县	268
2441	石柱土家族自治县	268
2442	秀山土家族苗族自治县	268
2443	酉阳土家族苗族自治	268
2444	彭水苗族土家族自治	268
2405	万州区	268
2406	涪陵区	268
2407	渝中区	268
2408	大渡口区	268
2409	江北区	268
2410	沙坪坝区	268
2411	九龙坡区	268
2412	南岸区	268
2414	万盛区	268
2415	双桥区	268
2416	渝北区	268
2417	巴南区	268
2418	黔江区	268
2419	长寿区	268
2420	江津区	268
2421	合川区	268
2422	永川区	268
2423	南川区	268
2413	北碚区	268
24	四川省	0
269	成都市	24
2445	锦江区(三环外）	269
2446	青羊区(三环外）	269
2447	金牛区(三环外）	269
2448	武侯区(三环外）	269
2449	成华区(三环外）	269
2450	龙泉驿区	269
2451	青白江区	269
2452	新都区	269
2453	温江区	269
2454	金堂县	269
2455	双流县	269
2456	郫县	269
2457	大邑县	269
2458	蒲江县	269
2459	新津县	269
2460	都江堰市	269
2461	彭州市	269
2462	邛崃市	269
2463	崇州市	269
3283	金牛区(三环内)	269
3284	锦江区(三环内)	269
3285	青羊区(三环内)	269
3286	武侯区(三环内)	269
3287	成华区(三环内)	269
3288	高新区	269
270	自贡市	24
2464	自流井区	270
2465	贡井区	270
2466	大安区	270
2467	沿滩区	270
2468	荣县	270
2469	富顺县	270
272	泸州市	24
2475	江阳区	272
2476	纳溪区	272
2477	龙马潭区	272
2479	合江县	272
2480	叙永县	272
2481	古蔺县	272
2478	泸县	272
273	德阳市	24
2482	旌阳区	273
2483	中江县	273
2484	罗江县	273
2485	广汉市	273
2486	什邡市	273
2487	绵竹市	273
274	绵阳市	24
2488	涪城区	274
2489	游仙区	274
2490	高新区	274
2491	三台县	274
2492	盐亭县	274
2493	安县	274
2494	梓潼县	274
2495	北川羌族自治县	274
2496	平武县	274
2497	江油市	274
275	广元市	24
2498	利州区	275
2499	元坝区	275
2500	朝天区	275
2501	旺苍县	275
2502	青川县	275
2504	苍溪县	275
2503	剑阁县	275
276	遂宁市	24
2505	船山区	276
2506	安居区	276
2507	蓬溪县	276
2508	射洪县	276
2509	大英县	276
277	内江市	24
2510	市中区	277
2511	东兴区	277
2512	威远县	277
2513	资中县	277
2514	隆昌县	277
278	乐山市	24
2520	井研县	278
2521	夹江县	278
2522	沐川县	278
2523	峨边彝族自治县	278
2524	马边彝族自治县	278
2525	峨眉山市	278
2515	市中区	278
2516	沙湾区	278
2517	五通桥区	278
2518	金口河区	278
2519	犍为县	278
279	南充市	24
2526	顺庆区	279
2527	高坪区	279
2528	嘉陵区	279
2529	南部县	279
2530	营山县	279
2531	蓬安县	279
2532	仪陇县	279
2533	西充县	279
2534	阆中市	279
280	眉山市	24
2535	东坡区	280
2536	仁寿县	280
2537	彭山县	280
2538	洪雅县	280
2539	丹棱县	280
2540	青神县	280
282	广安市	24
2551	广安区	282
2552	岳池县	282
2553	武胜县	282
2554	邻水县	282
2555	华蓥市	282
283	达州市	24
2556	通川区	283
2557	达县	283
2558	宣汉县	283
2559	开江县	283
2560	大竹县	283
2561	渠县	283
2562	万源市	283
284	雅安市	24
2563	雨城区	284
2564	名山县	284
2565	荥经县	284
2566	汉源县	284
2567	石棉县	284
2568	天全县	284
2569	芦山县	284
2570	宝兴县	284
285	巴中市	24
2571	巴州区	285
2572	通江县	285
2573	南江县	285
2574	平昌县	285
286	资阳市	24
2575	雁江区	286
2576	安岳县	286
2577	乐至县	286
2578	简阳市	286
287	阿坝藏族羌族自治州	24
2579	汶川县	287
2581	茂县	287
2582	松潘县	287
2583	九寨沟县	287
2584	金川县	287
2585	小金县	287
2586	黑水县	287
2587	马尔康县	287
2588	壤塘县	287
2589	阿坝县	287
2590	若尔盖县	287
2591	红原县	287
2580	理县	287
288	甘孜藏族自治州	24
2592	康定县	288
2593	泸定县	288
2594	丹巴县	288
2595	九龙县	288
2596	雅江县	288
2597	道孚县	288
2598	炉霍县	288
2599	甘孜县	288
2600	新龙县	288
2601	德格县	288
2603	石渠县	288
2604	色达县	288
2605	理塘县	288
2606	巴塘县	288
2607	乡城县	288
2608	稻城县	288
2609	得荣县	288
2602	白玉县	288
289	凉山彝族自治州	24
2610	西昌市	289
2611	木里藏族自治县	289
2612	盐源县	289
2613	德昌县	289
2614	会理县	289
2615	会东县	289
2616	宁南县	289
2617	普格县	289
2618	布拖县	289
2619	金阳县	289
2620	昭觉县	289
2621	喜德县	289
2622	冕宁县	289
2623	越西县	289
2624	甘洛县	289
2625	美姑县	289
2626	雷波县	289
271	攀枝花市	24
2470	东区	271
2471	西区	271
2472	仁和区	271
2473	米易县	271
2474	盐边县	271
281	宜宾市	24
2541	翠屏区	281
2542	宜宾县	281
2543	南溪县	281
2544	江安县	281
2545	长宁县	281
2546	高县	281
2547	珙县	281
2548	筠连县	281
2549	兴文县	281
2550	屏山县	281
25	贵州省	0
290	贵阳市	25
2627	南明区	290
2628	云岩区	290
2629	花溪区	290
2630	乌当区	290
2631	白云区	290
2632	小河区	290
2633	开阳县	290
2634	息烽县	290
2635	修文县	290
2636	清镇市	290
292	遵义市	25
2641	红花岗区	292
2642	汇川区	292
2643	遵义县	292
2644	桐梓县	292
2645	绥阳县	292
2646	正安县	292
2647	道真仡佬族苗族自治县	292
2648	务川仡佬族苗族自治县	292
2649	凤冈县	292
2650	湄潭县	292
2651	余庆县	292
2652	习水县	292
2653	赤水市	292
2654	仁怀市	292
293	安顺市	25
2655	西秀区	293
2656	平坝县	293
2657	普定县	293
2658	镇宁布依族苗族自治县	293
2659	关岭布依族苗族自治县	293
2660	紫云苗族布依族自治县	293
294	铜仁地区	25
2661	铜仁市	294
2662	江口县	294
2663	玉屏侗族自治县	294
2664	石阡县	294
2665	思南县	294
2666	印江土家族苗族自治县	294
2667	德江县	294
2668	沿河土家族自治县	294
2669	松桃苗族自治县	294
2670	万山特区	294
295	黔西南布依族苗族自治州	25
2671	兴义市	295
2672	兴仁县	295
2674	晴隆县	295
2675	贞丰县	295
2676	望谟县	295
2677	册亨县	295
2678	安龙县	295
2673	普安县	295
296	毕节地区	25
2679	毕节市	296
2680	大方县	296
2681	黔西县	296
2682	金沙县	296
2683	织金县	296
2685	威宁彝族回族苗族自治县	296
2686	赫章县	296
2684	纳雍县	296
297	黔东南苗族侗族自治州	25
2687	凯里市	297
2688	黄平县	297
2689	施秉县	297
2690	三穗县	297
2691	镇远县	297
2692	岑巩县	297
2693	天柱县	297
2694	锦屏县	297
2696	台江县	297
2697	黎平县	297
2698	榕江县	297
2699	从江县	297
2700	雷山县	297
2701	麻江县	297
2702	丹寨县	297
2695	剑河县	297
298	黔南布依族苗族自治州	25
2704	福泉市	298
2705	荔波县	298
2706	贵定县	298
2707	瓮安县	298
2708	独山县	298
2709	平塘县	298
2710	罗甸县	298
2711	长顺县	298
2712	龙里县	298
2713	惠水县	298
2714	三都水族自治县	298
2703	都匀市	298
291	六盘水市	25
2637	钟山区	291
2638	六枝特区	291
2639	水城县	291
2640	盘县	291
26	云南省	0
299	昆明市	26
2715	五华区	299
2716	盘龙区	299
2717	官渡区	299
2718	西山区	299
2719	东川区	299
2720	高新区	299
2721	呈贡县	299
2722	晋宁县	299
2723	富民县	299
2724	宜良县	299
2725	石林彝族自治县	299
2726	嵩明县	299
2727	禄劝彝族苗族自治县	299
2728	寻甸回族彝族自治县	299
2729	安宁市	299
300	曲靖市	26
2730	麒麟区	300
2731	马龙县	300
2732	陆良县	300
2733	师宗县	300
2734	罗平县	300
2735	富源县	300
2736	会泽县	300
2737	沾益县	300
2738	宣威市	300
301	玉溪市	26
2739	红塔区	301
2740	江川县	301
2741	澄江县	301
2742	通海县	301
2743	华宁县	301
2744	易门县	301
2745	峨山彝族自治县	301
2746	新平彝族傣族自治县	301
2747	元江哈尼族彝族傣族自治县	301
302	保山市	26
2748	隆阳区	302
2749	施甸县	302
2750	腾冲县	302
2751	龙陵县	302
2752	昌宁县	302
303	昭通市	26
2756	盐津县	303
2757	大关县	303
2758	永善县	303
2759	绥江县	303
2760	镇雄县	303
2761	彝良县	303
2762	威信县	303
2763	水富县	303
2753	昭阳区	303
2754	鲁甸县	303
2755	巧家县	303
304	丽江市	26
2764	古城区	304
2765	玉龙纳西族自治县	304
2766	永胜县	304
2767	华坪县	304
2768	宁蒗彝族自治县	304
305	普洱市	26
2769	思茅区	305
2770	宁洱哈尼族彝族自治县	305
2771	墨江哈尼族自治县	305
2772	景东彝族自治县	305
2773	景谷傣族彝族自治县	305
2774	镇沅彝族哈尼族拉祜族自治县	305
2775	江城哈尼族彝族自治县	305
2776	孟连傣族拉祜族佤族自治县	305
2777	澜沧拉祜族自治县	305
2778	西盟佤族自治县	305
306	临沧市	26
2780	凤庆县	306
2781	云县	306
2782	永德县	306
2783	镇康县	306
2785	耿马傣族佤族自治县	306
2786	沧源佤族自治县	306
2784	双江拉祜族佤族布朗族傣族自治县	306
2779	临翔区	306
307	楚雄彝族自治州	26
2787	楚雄市	307
2788	双柏县	307
2789	牟定县	307
2790	南华县	307
2791	姚安县	307
2793	永仁县	307
2794	元谋县	307
2795	武定县	307
2796	禄丰县	307
2792	大姚县	307
308	红河哈尼族彝族自治州	26
2797	个旧市	308
2798	开远市	308
2799	蒙自县	308
2800	屏边苗族自治县	308
2801	建水县	308
2802	石屏县	308
2804	泸西县	308
2805	元阳县	308
2806	红河县	308
2807	金平苗族瑶族傣族自治县	308
2808	绿春县	308
2809	河口瑶族自治县	308
2803	弥勒县	308
309	文山壮族苗族自治州	26
2811	砚山县	309
2812	西畴县	309
2813	麻栗坡县	309
2814	马关县	309
2815	丘北县	309
2816	广南县	309
2817	富宁县	309
2810	文山县	309
310	西双版纳傣族自治州	26
2818	景洪市	310
2819	勐海县	310
2820	勐腊县	310
311	大理白族自治州	26
2821	大理市	311
2822	漾濞彝族自治县	311
2823	祥云县	311
2824	宾川县	311
2825	弥渡县	311
2826	南涧彝族自治县	311
2827	巍山彝族回族自治县	311
2828	永平县	311
2829	云龙县	311
2830	洱源县	311
2831	剑川县	311
2832	鹤庆县	311
312	德宏傣族景颇族自治州	26
2833	瑞丽市	312
2834	潞西市	312
2835	梁河县	312
2836	盈江县	312
2837	陇川县	312
313	怒江傈僳族自治州	26
2838	泸水县	313
2839	福贡县	313
2840	贡山独龙族怒族自治县	313
2841	兰坪白族普米族自治县	313
314	迪庆藏族自治州	26
2842	香格里拉县	314
2843	德钦县	314
2844	维西傈僳族自治县	314
27	西藏藏族自治区	0
321	林芝地区	27
2911	林芝县	321
2912	工布江达县	321
2913	米林县	321
2914	墨脱县	321
2915	波密县	321
2916	察隅县	321
2917	朗县	321
315	拉萨市	27
2845	城关区	315
2846	林周县	315
2847	当雄县	315
2848	尼木县	315
2849	曲水县	315
2850	堆龙德庆县	315
2851	达孜县	315
2852	墨竹工卡县	315
316	昌都地区	27
2853	昌都县	316
2854	江达县	316
2855	贡觉县	316
2856	类乌齐县	316
2857	丁青县	316
2858	察雅县	316
2859	八宿县	316
2860	左贡县	316
2861	芒康县	316
2862	洛隆县	316
2863	边坝县	316
317	山南地区	27
2864	乃东县	317
2865	扎囊县	317
2866	贡嘎县	317
2867	桑日县	317
2868	琼结县	317
2869	曲松县	317
2870	措美县	317
2871	洛扎县	317
2872	加查县	317
2873	隆子县	317
2874	错那县	317
2875	浪卡子县	317
318	日喀则地区	27
2876	日喀则市	318
2877	南木林县	318
2878	江孜县	318
2879	定日县	318
2880	萨迦县	318
2881	拉孜县	318
2882	昂仁县	318
2883	谢通门县	318
2884	白朗县	318
2885	仁布县	318
2886	康马县	318
2887	定结县	318
2888	仲巴县	318
2889	亚东县	318
2890	吉隆县	318
2891	聂拉木县	318
2892	萨嘎县	318
2893	岗巴县	318
319	那曲地区	27
2894	那曲县	319
2895	嘉黎县	319
2896	比如县	319
2897	聂荣县	319
2898	安多县	319
2899	申扎县	319
2900	索县	319
2901	班戈县	319
2902	巴青县	319
2903	尼玛县	319
320	阿里地区	27
2904	普兰县	320
2905	札达县	320
2906	噶尔县	320
2907	日土县	320
2908	革吉县	320
2909	改则县	320
2910	措勤县	320
28	陕西省	0
322	西安市	28
2918	新城区	322
2919	碑林区	322
2920	莲湖区	322
2921	灞桥区	322
2922	未央区	322
2923	雁塔区	322
2924	阎良区	322
2925	临潼区	322
2927	高新区	322
2928	经济技术开发区	322
2929	蓝田县	322
2930	周至县	322
2931	户县	322
2932	高陵县	322
2926	长安区	322
323	铜川市	28
2933	王益区	323
2934	印台区	323
2935	耀州区	323
2936	宜君县	323
324	宝鸡市	28
2937	渭滨区	324
2938	金台区	324
2939	陈仓区	324
2941	岐山县	324
2942	扶风县	324
2943	眉县	324
2944	陇县	324
2945	千阳县	324
2946	麟游县	324
2947	凤县	324
2948	太白县	324
2940	凤翔县	324
325	咸阳市	28
2949	秦都区	325
2950	杨陵区	325
2951	渭城区	325
2952	三原县	325
2953	泾阳县	325
2954	乾县	325
2955	礼泉县	325
2957	彬县	325
2958	长武县	325
2959	旬邑县	325
2960	淳化县	325
2961	武功县	325
2962	兴平市	325
2956	永寿县	325
326	渭南市	28
2963	临渭区	326
2964	华县	326
2965	潼关县	326
2966	大荔县	326
2967	合阳县	326
2968	澄城县	326
2970	白水县	326
2971	富平县	326
2972	韩城市	326
2973	华阴市	326
2969	蒲城县	326
327	延安市	28
2981	甘泉县	327
2982	富县	327
2983	洛川县	327
2984	宜川县	327
2985	黄龙县	327
2986	黄陵县	327
2974	宝塔区	327
2975	延长县	327
2976	延川县	327
2977	子长县	327
2978	安塞县	327
2979	志丹县	327
2980	吴起县	327
328	汉中市	28
2987	汉台区	328
2988	南郑县	328
2989	城固县	328
2990	洋县	328
2991	西乡县	328
2992	勉县	328
2993	宁强县	328
2994	略阳县	328
2995	镇巴县	328
2996	留坝县	328
2997	佛坪县	328
329	榆林市	28
2998	榆阳区	329
2999	神木县	329
3000	府谷县	329
3001	横山县	329
3002	靖边县	329
3003	定边县	329
3004	绥德县	329
3005	米脂县	329
3006	佳县	329
3007	吴堡县	329
3008	清涧县	329
3009	子洲县	329
330	安康市	28
3010	汉滨区	330
3011	汉阴县	330
3012	石泉县	330
3013	宁陕县	330
3014	紫阳县	330
3015	岚皋县	330
3016	平利县	330
3017	镇坪县	330
3018	旬阳县	330
3019	白河县	330
331	商洛市	28
3020	商州区	331
3021	洛南县	331
3022	丹凤县	331
3023	商南县	331
3024	山阳县	331
3025	镇安县	331
3026	柞水县	331
29	甘肃省	0
332	兰州市	29
3027	城关区	332
3028	七里河区	332
3029	西固区	332
3030	安宁区	332
3031	红古区	332
3033	皋兰县	332
3034	榆中县	332
3032	永登县	332
333	嘉峪关市	29
3290	市辖区	333
334	金昌市	29
3035	金川区	334
3036	永昌县	334
335	白银市	29
3037	白银区	335
3038	平川区	335
3039	靖远县	335
3040	会宁县	335
3041	景泰县	335
336	天水市	29
3042	秦州区	336
3044	清水县	336
3045	秦安县	336
3046	甘谷县	336
3047	武山县	336
3048	张家川回族自治县	336
3043	麦积区	336
337	武威市	29
3049	凉州区	337
3050	民勤县	337
3051	古浪县	337
3052	天祝藏族自治县	337
338	张掖市	29
3053	甘州区	338
3055	民乐县	338
3056	临泽县	338
3057	高台县	338
3058	山丹县	338
3054	肃南裕固族自治县	338
339	平凉市	29
3059	崆峒区	339
3060	泾川县	339
3061	灵台县	339
3062	崇信县	339
3063	华亭县	339
3064	庄浪县	339
3065	静宁县	339
340	酒泉市	29
3066	肃州区	340
3067	金塔县	340
3068	瓜州县	340
3069	肃北蒙古族自治县	340
3070	阿克塞哈萨克族自治县	340
3071	玉门市	340
3072	敦煌市	340
341	庆阳市	29
3073	西峰区	341
3074	庆城县	341
3075	环县	341
3076	华池县	341
3077	合水县	341
3078	正宁县	341
3079	宁县	341
3080	镇原县	341
342	定西市	29
3081	安定区	342
3082	通渭县	342
3083	陇西县	342
3084	渭源县	342
3085	临洮县	342
3086	漳县	342
3087	岷县	342
343	陇南市	29
3088	武都区	343
3089	成县	343
3090	文县	343
3091	宕昌县	343
3092	康县	343
3093	西和县	343
3094	礼县	343
3095	徽县	343
3096	两当县	343
344	临夏回族自治州	29
3097	临夏市	344
3098	临夏县	344
3099	康乐县	344
3100	永靖县	344
3101	广河县	344
3102	和政县	344
3103	东乡族自治县	344
345	甘南藏族自治州	29
3105	合作市	345
3106	临潭县	345
3107	卓尼县	345
3108	舟曲县	345
3109	迭部县	345
3110	玛曲县	345
3111	碌曲县	345
3112	夏河县	345
30	青海省	0
346	西宁市	30
3113	城东区	346
3114	城中区	346
3115	城西区	346
3116	城北区	346
3117	大通回族土族自治县	346
3118	湟中县	346
3119	湟源县	346
347	海北藏族自治州	30
3127	门源回族自治县	347
3128	祁连县	347
3129	海晏县	347
3130	刚察县	347
348	黄南藏族自治州	30
3131	同仁县	348
3132	尖扎县	348
3133	泽库县	348
3134	河南蒙古族自治县	348
349	海南藏族自治州	30
3136	同德县	349
3137	贵德县	349
3138	兴海县	349
3139	贵南县	349
3135	共和县	349
350	果洛藏族自治州	30
3140	玛沁县	350
3141	班玛县	350
3142	甘德县	350
3143	达日县	350
3144	久治县	350
3145	玛多县	350
351	玉树藏族自治州	30
3147	杂多县	351
3148	称多县	351
3149	治多县	351
3150	囊谦县	351
3151	曲麻莱县	351
3146	玉树县	351
352	海西蒙古族藏族自治州	30
3152	格尔木市	352
3153	格尔木市	352
3154	德令哈市	352
3155	乌兰县	352
3156	都兰县	352
31	宁夏回族自治区	0
353	银川市	31
3158	西夏区	353
3159	金凤区	353
3160	永宁县	353
3161	贺兰县	353
3162	灵武市	353
3157	兴庆区	353
354	石嘴山市	31
3163	大武口区	354
3164	惠农区	354
3165	平罗县	354
355	吴忠市	31
3166	利通区	355
3167	红寺堡区	355
3168	盐池县	355
3169	同心县	355
3170	青铜峡市	355
356	固原市	31
3171	原州区	356
3172	西吉县	356
3173	隆德县	356
3174	泾源县	356
3175	彭阳县	356
357	中卫市	31
3176	沙坡头区	357
3177	中宁县	357
3178	海原县	357
32	新疆维吾尔族自治区	0
358	乌鲁木齐市	32
3179	天山区	358
3180	沙依巴克区	358
3181	新市区	358
3182	水磨沟区	358
3183	头屯河区	358
3184	达坂城区	358
3185	米东区	358
3186	乌鲁木齐县	358
359	克拉玛依市	32
3187	独山子区	359
3188	克拉玛依区	359
3189	白碱滩区	359
3190	乌尔禾区	359
360	吐鲁番地区	32
3191	吐鲁番市	360
3192	鄯善县	360
3193	托克逊县	360
362	昌吉回族自治州	32
3197	昌吉市	362
3198	阜康市	362
3199	呼图壁县	362
3200	玛纳斯县	362
3201	奇台县	362
3202	吉木萨尔县	362
3203	木垒哈萨克自治县	362
363	博尔塔拉蒙古自治州	32
3204	博乐市	363
3205	精河县	363
3206	温泉县	363
364	巴音郭楞蒙古自治州	32
3207	库尔勒市	364
3208	轮台县	364
3209	尉犁县	364
3210	若羌县	364
3211	且末县	364
3213	和静县	364
3214	和硕县	364
3215	博湖县	364
3212	焉耆回族自治县	364
365	阿克苏地区	32
3216	阿克苏市	365
3217	温宿县	365
3218	库车县	365
3219	沙雅县	365
3220	新和县	365
3221	拜城县	365
3222	乌什县	365
3223	阿瓦提县	365
3224	柯坪县	365
366	克孜勒苏柯尔克孜自治州	32
3226	阿克陶县	366
3227	阿合奇县	366
3228	乌恰县	366
3225	阿图什市	366
367	喀什地区	32
3229	喀什市	367
3230	疏附县	367
3231	疏勒县	367
3232	英吉沙县	367
3233	泽普县	367
3234	莎车县	367
3235	叶城县	367
3237	岳普湖县	367
3238	伽师县	367
3239	巴楚县	367
3240	塔什库尔干塔吉克自治县	367
3236	麦盖提县	367
368	和田地区	32
3241	和田市	368
3242	和田县	368
3243	墨玉县	368
3244	皮山县	368
3245	洛浦县	368
3246	策勒县	368
3247	于田县	368
3248	民丰县	368
369	伊犁哈萨克自治州	32
3249	伊宁市	369
3250	奎屯市	369
3251	伊宁县	369
3252	察布查尔锡伯自治县	369
3253	霍城县	369
3254	巩留县	369
3255	新源县	369
3256	昭苏县	369
3257	特克斯县	369
3258	尼勒克县	369
370	塔城地区	32
3259	塔城市	370
3260	乌苏市	370
3261	额敏县	370
3262	沙湾县	370
3263	托里县	370
3264	裕民	370
3265	和布克赛尔蒙古自治县	370
372	自治区直辖县级行政区划	32
3273	石河子市	372
3274	阿拉尔市	372
3275	图木舒克市	372
3276	五家渠市	372
361	哈密地区	32
3194	哈密市	361
3195	巴里坤哈萨克自治县	361
3196	伊吾县	361
371	阿勒泰地区	32
3266	阿勒	371
3267	布尔	371
3268	富蕴	371
3269	福海	371
3270	哈巴	371
3271	青河	371
3272	吉木乃	371
3321	石河子市	32
33	台湾省	0
3328	台湾	33
3339	台湾省内	3328
34	香港特别行政区	0
3329	香港	34
3340	香港市区内	3329
35	澳门特别行政区	0
3330	澳门	35
3341	澳门市区内	3330
